型号,H,B,t1,t2,r,截面面积_cm2,理论重量_kg/m,外表面积_m2/m,Ix_cm4,Iy_cm4,ix_cm,iy_cm,Wx_cm3,Wy_cm3,基准规格△
H100×50,95,48,3.2,4.5,8,7.620,5.98,0.362,115,8.39,3.88,1.04,24.2,3.49,
H100×50,97,49,4,5.5,8,9.370,7.36,0.368,143,10.9,3.91,1.07,29.6,4.45,
H100×50,100,50,5,7,8,11.84,9.30,0.376,187,14.8,3.97,1.11,37.5,5.91,是
H100×100,96,99,4.5,6,8,16.20,12.7,0.565,272,97.2,4.09,2.44,56.7,19.6,
H100×100,100,100,6,8,8,21.58,16.9,0.574,378,134,4.18,2.48,75.6,26.7,是
H125×60,118,58,3.2,4.5,8,9.250,7.26,0.448,218,14.7,4.85,1.26,37.0,5.08,
H125×60,120,59,4,5.5,8,11.39,8.94,0.454,271,19.0,4.87,1.29,45.2,6.43,
H125×60,125,60,6,8,8,16.68,13.1,0.464,409,29.1,4.95,1.32,65.4,9.71,是
H125×125,119,123,4.5,6,8,20.12,15.8,0.707,532,186,5.14,3.04,89.5,30.3,
H125×125,125,125,6.5,9,8,30.00,23.6,0.723,839,293,5.28,3.12,134,46.9,是
H150×75,145,73,3.2,4.5,8,11.47,9.00,0.562,416,29.3,6.01,1.59,57.3,8.02,
H150×75,147,74,4,5.5,8,14.12,11.1,0.568,516,37.3,6.04,1.62,70.2,10.1,
H150×75,148,74.5,4.5,6,8,15.61,12.3,0.571,569,41.6,6.04,1.63,76.9,11.2,
H150×75,150,75,5,7,8,17.84,14.0,0.576,666,49.5,6.10,1.66,88.8,13.2,是
H150×100,139,97,3.2,4.5,8,13.43,10.6,0.646,476,68.6,5.94,2.25,68.4,14.1,
H150×100,142,99,4.5,6,8,18.27,14.3,0.657,654,97.2,5.98,2.30,92.1,19.6,
H150×100,148,100,6,9,8,26.34,20.7,0.670,1000,150,6.16,2.38,135,30.1,
H150×100,150,100,6,10,8,28.35,22.3,0.674,1110,167,6.27,2.43,148,33.4,是
H150×150,144,148,5,7,8,27.76,21.8,0.856,1090,378,6.25,3.69,151,51.1,
H150×150,147,149,6,8.5,8,33.67,26.4,0.864,1350,469,6.32,3.73,183,63.0,
H150×150,150,150,7,10,8,39.64,31.1,0.872,1620,563,6.39,3.76,216,75.1,是
H175×90,168,88,3.2,4.5,8,13.55,10.6,0.668,670,51.2,7.02,1.94,79.7,11.6,
H175×90,171,89,4,6,8,17.58,13.8,0.676,894,70.7,7.13,2.00,105,15.9,
H175×90,175,90,5,8,8,22.89,18.0,0.686,1210,97.5,7.25,2.06,138,21.7,是
H175×175,167,173,5,7,13,33.32,26.2,0.994,1780,605,7.30,4.26,213,69.9,
H175×175,172,175,6.5,9.5,13,44.64,35.0,1.01,2470,850,7.43,4.36,287,97.1,
H175×175,175,175,7.5,11,13,51.42,40.4,1.01,2900,984,7.50,4.37,331,112,是
H200×100,193,98,3.2,4.5,8,15.25,12.0,0.758,994,70.7,8.07,2.15,103,14.4,
H200×100,196,99,4,6,8,19.78,15.5,0.766,1320,97.2,8.18,2.21,135,19.6,
H200×100,198,99,4.5,7,8,22.68,17.8,0.769,1540,113,8.24,2.23,156,22.9,
H200×100,200,100,5.5,8,8,26.66,20.9,0.775,1810,134,8.22,2.23,181,26.7,是
H200×150,188,149,4.5,6,8,26.34,20.7,0.949,1730,331,8.09,3.54,184,44.4,
H200×150,194,150,6,9,8,38.10,29.9,0.962,2630,507,8.30,3.64,271,67.5,
H200×150,200,152,8,12,8,51.11,40.1,0.978,3630,703,8.43,3.71,363,92.5,是
H200×200,192,198,6,8,13,43.69,34.3,1.14,3060,1040,8.37,4.86,319,105,
H200×200,200,200,8,12,13,63.53,49.9,1.16,4720,1600,8.61,5.02,472,160,是
H200×200,200,204,12,12,13,71.53,56.2,1.17,4980,1700,8.34,4.87,498,167,
H200×200,208,201,9,16,13,81.61,64.1,1.18,6460,2170,8.89,5.15,621,216,
H250×125,244,124,4.5,6,8,25.86,20.3,0.961,2650,191,10.1,2.71,217,30.8,
H250×125,248,124,5,8,8,31.98,25.1,0.968,3450,255,10.4,2.82,278,41.1,
H250×125,250,125,6,9,8,36.96,29.0,0.974,3960,294,10.4,2.81,317,47.0,是
H250×150,250,150,4.5,6,13,30.16,23.7,1.07,3380,338,10.6,3.35,270,45.1,是
H250×150,254,152.5,7,8,13,42.51,33.4,1.08,4670,474,10.5,3.34,368,62.2,
H250×150,260,153.5,8,11,13,54.26,42.6,1.10,6330,665,10.8,3.50,487,86.6,
H250×175,238,173,4.5,8,13,39.12,30.7,1.14,4240,691,10.4,4.20,356,79.9,
H250×175,244,175,7,11,13,55.49,43.6,1.15,6040,984,10.4,4.21,495,112,是
H250×175,248,176,8,13,13,64.97,51.0,1.16,7220,1180,10.5,4.27,583,134,
H250×250,244,252,11,11,13,81.31,63.8,1.45,8700,2940,10.3,6.01,713,233,
H250×250,250,250,9,14,13,91.43,71.8,1.46,10700,3650,10.8,6.31,860,292,是
H250×250,250,255,14,14,13,103.9,81.6,1.47,11400,3880,10.5,6.10,912,304,
H250×250,262,252,11,20,13,126.7,99.5,1.49,16000,5340,11.2,6.49,1220,424,
H300×125,299,123,6,8,13,38.11,29.9,1.06,5580,249,12.1,2.56,373,40.5,
H300×125,303,124,7,10,13,46.06,36.2,1.07,6930,319,12.3,2.63,457,51.5,是
H300×150,294,148,4.5,6,13,31.90,25.0,1.15,4800,325,12.3,3.19,327,43.9,
H300×150,298,149,5.5,8,13,40.80,32.0,1.16,6320,442,12.4,3.29,424,59.3,
H300×150,300,150,6.5,9,13,46.78,36.7,1.16,7210,508,12.4,3.29,481,67.7,是
H300×150,304,151,7,11,13,54.41,42.7,1.18,8720,633,12.7,3.41,574,83.8,
H300×175,300,175,4.5,6,13,35.41,27.8,1.27,5720,537,12.7,3.89,382,61.3,是
H300×175,304,176.5,6,8,13,46.97,36.9,1.28,7670,734,12.8,3.95,505,83.2,
H300×175,308,177.5,7,10,13,57.11,44.8,1.29,9570,934,12.9,4.04,621,105,
H300×200,286,198,6,8,13,49.33,38.7,1.33,7360,1040,12.2,4.58,515,105,
H300×200,294,200,8,12,13,71.05,55.8,1.35,11100,1600,12.5,4.74,756,160,
H300×200,298,201,9,14,13,82.03,64.4,1.36,13100,1900,12.6,4.80,878,189,
H300×200,300,202,10,15,13,89.05,69.9,1.37,14200,2060,12.6,4.81,947,204,是
H300×250,298,249,8,14,13,92.77,72.8,1.55,15600,3600,13.0,6.23,1050,289,
H300×250,300,250,9,15,13,100.8,79.1,1.56,17000,3910,13.0,6.23,1130,313,是
H300×300,294,302,12,12,13,106.3,83.5,1.75,16600,5510,12.5,7.20,1130,365,
H300×300,300,300,10,15,13,118.5,93.0,1.76,20200,6750,13.1,7.55,1350,450,是
H300×300,300,305,15,15,13,133.5,105,1.77,21300,7100,12.6,7.29,1420,466,
H300×300,310,310,20,20,13,179.5,141,1.80,29600,9950,12.9,7.45,1910,642,
H300×300,320,304,14,25,13,191.3,150,1.81,35700,11700,13.7,7.83,2230,771,
H350×150,350,125,6,10,13,46.25,36.3,1.17,9410,327,14.3,2.66,537,52.3,是
H350×150,350,150,6,11,13,54.13,42.5,1.27,11600,620,14.7,3.38,664,82.7,是
H350×150,354,152,8,13,13,67.21,52.8,1.28,14200,763,14.5,3.37,804,100,
H350×175,340,173,4.5,6,13,36.97,29.0,1.34,7490,518,14.2,3.74,441,59.9,
H350×175,346,174,6,9,13,52.45,41.2,1.35,11000,791,14.5,3.88,638,91.0,
H350×175,350,175,7,11,13,62.91,49.4,1.36,13500,984,14.6,3.95,771,112,是
H350×200,350,201,9,11,13,75.19,59.0,1.46,15700,1490,14.5,4.45,899,148,是
H350×200,354,201,9,13,13,83.23,65.3,1.47,18200,1760,14.8,4.60,1030,175,
H350×250,340,250,9,14,13,99.53,78.1,1.64,21200,3650,14.6,6.05,1250,292,
H350×250,350,252,11,19,13,131.5,103,1.66,29400,5070,14.9,6.21,1680,403,是
H350×300,348,299,9,16.5,13,128.5,101,1.85,29800,7350,15.2,7.57,1710,492,
H350×300,350,300,10,17.5,13,138.0,108,1.86,32000,7880,15.2,7.56,1830,525,是
H350×300,360,303,13,22.5,13,178.8,140,1.88,42600,10400,15.4,7.64,2370,689,
H350×350,338,351,13,13,13,133.3,105,2.03,27700,9380,14.4,8.38,1640,534,
H350×350,344,348,10,16,13,144.0,113,2.04,32800,11200,15.1,8.83,1910,646,
H350×350,344,354,16,16,13,164.7,129,2.05,34900,11800,14.6,8.48,2030,669,
H350×350,350,350,12,19,13,171.9,135,2.05,39800,13600,15.2,8.88,2280,776,是
H350×350,350,357,19,19,13,196.4,154,2.07,42300,14400,14.7,8.57,2420,808,
H350×350,364,353,15,26,13,231.8,182,2.09,56700,19100,15.6,9.07,3110,1080,
H350×350,370,355,17,29,13,260.4,204,2.10,64600,21600,15.8,9.12,3490,1220,
H350×350,390,359,21,39,13,347.0,272,2.15,92300,30100,16.3,9.31,4730,1680,
H400×150,390,148,6,8,13,47.57,37.3,1.34,11700,434,15.7,3.01,602,58.6,
H400×150,400,150,8,13,13,70.37,55.2,1.36,18600,734,16.3,3.22,929,97.8,是
H400×200,390,198,6,8,13,55.57,43.6,1.54,14700,1040,16.2,4.31,752,105,
H400×200,396,199,7,11,13,71.41,56.1,1.55,19800,1450,16.6,4.50,999,145,
H400×200,400,200,8,13,13,83.37,65.4,1.56,23500,1740,16.8,4.56,1170,174,是
H400×200,406,202,10,16,13,103.5,81.2,1.58,29400,2200,16.9,4.61,1450,218,
H400×200,412,203,11,19,13,119.7,94.0,1.59,35100,2650,17.1,4.71,1700,262,
H400×250,402,251,10,14,13,109.1,85.6,1.77,31300,3690,16.9,5.82,1560,294,是
H400×250,410,252,11,18,13,133.3,105,1.78,40200,4810,17.4,6.00,1960,381,
H400×300,390,300,10,16,13,133.3,105,1.94,37900,7200,16.9,7.35,1940,480,
H400×300,400,302,12,21,13,171.3,134,1.96,50600,9650,17.2,7.51,2530,639,是
H400×300,410,305,15,26,13,213.8,168,1.99,64700,12300,17.4,7.59,3160,807,
H400×300,420,308,18,31,13,256.9,202,2.01,79700,15100,17.6,7.67,3800,982,
H400×350,400,350,12,21,22,194.1,152,2.14,58700,15000,17.4,8.80,2930,858,是
H400×350,470,373,35,56,22,547.2,430,2.32,195000,48600,18.9,9.42,8290,2610,
H400×350,510,383,45,76,22,747.4,587,2.42,295000,71500,19.9,9.78,11600,3730,
H400×400,388,402,15,15,22,178.5,140,2.32,49000,16300,16.6,9.54,2520,809,
H400×400,394,398,11,18,22,186.8,147,2.32,56100,18900,17.3,10.1,2850,951,
H400×400,394,405,18,18,22,214.4,168,2.33,59700,20000,16.7,9.64,3030,985,
H400×400,400,400,13,21,22,218.7,172,2.34,66600,22400,17.5,10.1,3330,1120,是
H400×400,400,408,21,21,22,250.7,197,2.35,70900,23800,16.8,9.74,3540,1170,
H400×400,414,405,18,28,22,295.4,232,2.37,92800,31000,17.7,10.2,4480,1530,
H400×400,428,407,20,35,22,360.7,283,2.41,119000,39400,18.2,10.4,5570,1930,
H400×400,458,417,30,50,22,528.6,415,2.49,187000,60500,18.8,10.7,8170,2900,
H400×400,498,432,45,70,22,770.1,604,2.60,298000,94400,19.7,11.1,12000,4370,
H400×400,518,437,50,80,22,882.4,693,2.65,359000,112000,20.2,11.3,13900,5110,
H400×400,538,442,55,90,22,996.7,782,2.70,427000,130000,20.7,11.4,15900,5890,
H400×400,558,452,65,100,22,1141,896,2.76,508000,155000,21.1,11.6,18200,6850,
H450×150,446,150,7,12,13,66.99,52.6,1.46,22000,677,18.1,3.17,985,90.3,
H450×150,450,151,8,14,13,77.49,60.8,1.47,25700,806,18.2,3.22,1140,107,是
H450×150,456,154,11,17,13,100.2,78.7,1.48,32800,1040,18.1,3.22,1440,135,
H450×200,446,199,8,12,13,82.97,65.1,1.65,28100,1580,18.4,4.36,1260,159,
H450×200,450,200,9,14,13,95.43,74.9,1.66,32900,1870,18.6,4.42,1460,187,是
H450×200,460,203,12,19,13,129.2,101,1.69,45700,2660,18.8,4.53,1990,262,
H450×250,450,252,11,16,13,128.1,101,1.86,45300,4270,18.8,5.78,2010,339,是
H450×250,460,254,13,21,13,162.5,128,1.89,60000,5740,19.2,5.95,2610,452,
H450×300,440,300,11,18,13,153.9,121,2.04,54700,8110,18.9,7.25,2490,540,
H450×300,450,304,15,23,13,201.9,158,2.06,72600,10800,19.0,7.31,3230,709,是
H450×300,460,306,17,28,13,241.5,190,2.09,90000,13400,19.3,7.45,3910,875,
H450×350,450,350,12,23,13,210.9,166,2.25,80600,16400,19.6,8.83,3580,940,是
H450×350,454,354,16,25,13,243.1,191,2.27,90900,18500,19.3,8.72,4000,1050,
H450×400,454,400,13,22,22,233.5,183,2.44,91300,23500,19.8,10.0,4020,1170,是
H450×400,460,402,15,25,22,266.7,209,2.46,105000,27100,19.9,10.1,4590,1350,
H450×400,470,405,18,30,22,321.0,252,2.49,130000,33200,20.1,10.2,5520,1640,
H450×450,446,450,20,20,22,265.4,208,2.61,94500,30400,18.9,10.7,4240,1350,是
H450×450,466,460,30,30,22,402.0,316,2.67,150000,48800,19.3,11.0,6430,2120,
H450×450,486,456,26,40,22,474.5,372,2.71,198000,63300,20.4,11.5,8150,2780,
H475×150,470,150,7,13,13,71.53,56.2,1.50,26200,733,19.1,3.20,1110,97.8,是
H475×150,475,151.5,8.5,15.5,13,86.15,67.6,1.52,31700,901,19.2,3.23,1330,119,
H475×150,482,153.5,10.5,19,13,106.4,83.5,1.53,39600,1150,19.3,3.28,1640,150,
H500×150,492,150,7,12,13,70.21,55.1,1.55,27500,677,19.8,3.10,1120,90.3,
H500×150,500,152,9,16,13,92.21,72.4,1.57,37000,940,20.0,3.19,1480,124,是
H500×150,504,153,10,18,13,103.3,81.1,1.58,41900,1080,20.1,3.23,1660,141,
H500×200,496,199,9,14,13,99.29,77.9,1.75,40800,1840,20.3,4.30,1650,185,
H500×200,500,200,10,16,13,112.3,88.1,1.76,46800,2140,20.4,4.36,1870,214,是
H500×200,506,201,11,19,13,129.3,102,1.77,55500,2580,20.7,4.46,2190,257,
H500×200,510,202,12,21,13,142.5,112,1.78,61800,2890,20.8,4.51,2420,286,
H500×250,500,252,12,16,13,138.3,109,1.96,58300,4280,20.5,5.56,2330,339,是
H500×250,510,254,14,21,13,173.7,136,1.99,76500,5750,21.0,5.75,3000,453,
H500×300,482,300,11,15,13,141.2,111,2.12,58300,6760,20.3,6.91,2420,450,
H500×300,488,300,11,18,13,159.2,125,2.13,68900,8110,20.8,7.13,2820,540,
H500×300,496,301,12,22,13,188.1,148,2.15,84400,10000,21.2,7.29,3400,665,
H500×300,500,303,14,24,13,210.2,165,2.16,93900,11100,21.1,7.28,3760,735,是
H500×300,502,310,20,25,13,246.9,194,2.18,104000,12400,20.6,7.10,4160,803,
H500×350,492,346,12,20,13,194.1,152,2.32,87100,13800,21.2,8.44,3540,799,
H500×350,500,350,16,24,13,241.8,190,2.35,108000,17200,21.2,8.43,4330,981,是
H500×350,508,352,18,28,13,279.9,220,2.37,128000,20400,21.4,8.53,5050,1160,
H500×400,502,407,20,25,22,298.1,234,2.55,133000,28100,21.1,9.72,5310,1380,是
H500×400,512,412,25,30,22,364.4,286,2.58,165000,35000,21.3,9.81,6450,1700,
H500×400,522,417,30,35,22,431.7,339,2.61,198000,42400,21.4,9.91,7600,2030,
H500×475,492,465,15,20,22,258.0,202,2.78,117000,33500,21.3,11.4,4770,1440,
H500×475,502,465,15,25,22,304.5,239,2.80,146000,41900,21.9,11.7,5810,1800,是
H500×475,502,470,20,25,22,329.6,259,2.81,151000,43300,21.4,11.5,6020,1840,
H500×500,490,490,15,20,22,267.7,210,2.87,122000,39200,21.3,12.1,4970,1600,
H500×500,500,500,25,25,22,366.7,288,2.91,162000,52200,21.0,11.9,6490,2090,是
H500×500,514,500,25,32,22,436.7,343,2.94,207000,66700,21.8,12.4,8060,2670,
H550×200,546,199,9,14,13,103.8,81.5,1.85,50800,1840,22.1,4.21,1860,185,
H550×200,550,200,10,16,13,117.3,92.0,1.86,58200,2140,22.3,4.27,2120,214,是
H550×200,554,204,14,18,13,147.4,116,1.87,69900,2560,21.8,4.17,2520,251,
H550×250,554,255,14,18,13,165.8,130,2.08,83100,4990,22.4,5.49,3000,391,是
H550×250,562,257,16,22,13,197.4,155,2.10,102000,6240,22.7,5.62,3630,486,
H550×250,570,259,18,26,13,229.4,180,2.12,122000,7560,23.0,5.74,4260,583,
H550×300,544,300,11,15,13,148.0,116,2.24,76400,6760,22.7,6.75,2810,450,
H550×300,550,300,11,18,13,166.0,130,2.26,89800,8110,23.3,6.98,3270,540,是
H550×350,558,353,14,20,13,215.2,169,2.48,119000,14700,23.6,8.26,4280,831,是
H550×350,558,354,15,20,13,220.8,173,2.48,121000,14800,23.4,8.19,4330,836,
H550×400,562,401,14,22,22,253.1,199,2.66,148000,23700,24.1,9.67,5250,1180,是
H550×400,574,403,16,28,22,312.7,245,2.69,190000,30600,24.6,9.89,6600,1520,
H550×400,594,409,22,38,22,429.0,337,2.74,269000,43400,25.0,10.1,9050,2120,
H550×450,550,465,15,25,22,311.7,245,2.89,178000,41900,23.9,11.6,6490,1800,是
H550×450,570,470,20,35,22,433.2,340,2.94,259000,60600,24.5,11.8,9090,2580,
H550×450,580,476,26,40,22,515.0,404,2.97,308000,72000,24.4,11.8,10600,3020,
H600×200,596,199,10,15,13,117.8,92.4,1.95,66600,1980,23.8,4.09,2240,199,
H600×200,600,200,11,17,13,131.7,103,1.96,75600,2270,24.0,4.15,2520,227,是
H600×200,606,201,12,20,13,149.8,118,1.97,88300,2720,24.3,4.25,2910,270,
H600×200,616,204,15,25,13,188.4,148,2.00,113000,3550,24.5,4.34,3670,349,
H600×200,622,205,16,28,13,206.8,162,2.01,127000,4040,24.7,4.42,4070,394,
H600×250,592,248,10,18,13,146.3,115,2.13,89000,4580,24.7,5.60,3010,369,
H600×250,600,250,12,22,13,178.2,140,2.15,110000,5740,24.9,5.68,3670,459,是
H600×250,606,252,14,25,13,205.3,161,2.17,128000,6680,24.9,5.71,4210,530,
H600×300,582,300,12,17,13,169.2,133,2.32,98900,7660,24.2,6.72,3400,511,
H600×300,588,300,12,20,13,187.2,147,2.33,114000,9010,24.7,6.93,3890,601,是
H600×300,594,302,14,23,13,217.1,170,2.35,134000,10600,24.8,6.97,4500,700,
H600×300,600,304,16,26,13,247.2,194,2.36,153000,12200,24.9,7.02,5110,802,
H600×350,596,352,15,19,18,220.2,173,2.54,135000,13800,24.8,7.92,4540,786,是
H600×350,606,352,15,24,18,255.4,200,2.56,167000,17500,25.6,8.27,5510,992,
H600×450,600,450,20,25,22,339.2,266,2.92,217000,38000,25.3,10.6,7230,1690,是
H600×450,630,456,26,40,22,512.0,402,2.99,357000,63300,26.4,11.1,11300,2780,
H600×450,646,460,30,48,22,610.8,479,3.03,440000,78000,26.8,11.3,13600,3390,
H625×200,625,198.5,13.5,17.5,13,150.6,118,1.99,88500,2300,24.2,3.90,2830,231,
H625×200,630,200,15,20,13,170.0,133,2.01,101000,2690,24.4,3.97,3220,268,是
H625×200,638,202,17,24,13,198.7,156,2.03,122000,3320,24.8,4.09,3820,329,
H625×200,646,203,18,28,13,221.3,174,2.05,141000,3930,25.2,4.22,4350,388,
H650×250,646,249,11,20,13,167.7,132,2.24,119000,5150,26.7,5.54,3690,414,
H650×250,650,250,12,22,13,184.2,145,2.25,132000,5740,26.8,5.58,4060,459,是
H650×250,654,251,13,24,13,200.7,158,2.26,145000,6340,26.9,5.62,4430,505,
H650×300,646,299,12,18,18,183.6,144,2.43,131000,8030,26.7,6.61,4080,537,
H650×300,650,300,13,20,18,202.1,159,2.44,146000,9010,26.9,6.67,4500,601,是
H650×300,654,301,14,22,18,220.6,173,2.45,161000,10000,27.4,6.81,4930,666,
H650×350,654,353,16,22,18,255.7,201,2.66,188000,16200,27.1,7.95,5750,915,是
H650×350,660,355,18,25,18,290.1,228,2.67,216000,18700,27.3,8.02,6530,1050,
H650×350,666,357,20,28,18,324.7,255,2.69,244000,21300,27.4,8.10,7320,1190,
H650×400,644,398,13,17,22,218.8,172,2.82,161000,17900,27.2,9.04,5010,898,
H650×400,650,400,15,20,22,255.7,201,2.83,191000,21400,27.3,9.14,5870,1070,是
H650×400,674,402,17,32,22,365.1,287,2.88,301000,34700,28.7,9.75,8940,1730,
H650×450,660,468,18,25,22,348.0,273,3.12,274000,42700,28.1,11.1,8300,1830,是
H650×450,680,470,20,35,22,455.2,357,3.16,384000,60600,29.0,11.5,11300,2580,
H650×450,690,476,26,40,22,543.6,427,3.19,456000,72000,29.0,11.5,13200,3030,
H700×250,700,250,12,22,18,191.5,150,2.35,158000,5740,28.7,5.48,4500,459,是
H700×250,704,251,13,24,18,208.5,164,2.36,173000,6340,28.8,5.51,4910,505,
H700×300,692,300,13,20,18,207.5,163,2.53,168000,9020,28.5,6.59,4870,601,
H700×300,700,300,13,24,18,231.5,182,2.54,197000,10800,29.2,6.83,5640,721,是
H700×300,716,304,17,32,18,308.2,242,2.58,270000,15000,29.6,6.98,7540,988,
H700×350,700,350,13,20,18,228.6,179,2.74,196000,14300,29.3,7.91,5600,818,是
H700×350,710,353,16,25,18,284.9,224,2.77,248000,18400,29.5,8.03,7000,1040,
H700×350,720,355,18,30,18,334.6,263,2.79,300000,22400,29.9,8.18,8330,1260,
H700×400,700,401,17,25,18,313.8,246,2.94,270000,26900,29.3,9.26,7720,1340,是
H700×400,710,402,18,30,18,361.0,283,2.96,323000,32500,29.9,9.49,9100,1620,
H700×400,720,406,22,35,18,430.0,338,2.99,387000,39100,30.0,9.54,10700,1930,
H700×450,698,464,14,19,18,271.5,213,3.19,240000,31700,29.7,10.8,6870,1360,是
H700×450,740,476,26,40,18,555.2,436,3.30,532000,72000,31.0,11.4,14400,3030,
H700×450,756,480,30,48,18,661.6,519,3.34,653000,88600,31.4,11.6,17300,3690,
H750×250,746,249,13,23,18,208.3,164,2.43,190000,5930,30.2,5.34,5100,477,
H750×250,750,250,14,25,18,225.8,177,2.44,208000,6530,30.3,5.38,5540,522,是
H750×250,754,251,15,27,18,243.3,191,2.45,225000,7140,30.4,5.42,5980,569,
H750×300,734,299,12,16,18,182.7,143,2.61,161000,7140,29.7,6.25,4390,478,
H750×300,742,300,13,20,18,214.0,168,2.63,197000,9020,30.4,6.49,5320,601,
H750×300,750,300,13,24,18,238.0,187,2.64,231000,10800,31.1,6.74,6150,721,是
H750×300,758,303,16,28,18,284.8,224,2.67,276000,13000,31.1,6.75,7270,859,
H750×300,798,317,30,48,18,517.7,406,2.77,518000,25700,31.6,7.04,13000,1620,
H750×350,742,354,18,20,18,270.7,212,2.83,240000,14800,29.8,7.40,6460,838,
H750×350,752,356,20,25,18,321.2,252,2.86,296000,18900,30.4,7.66,7880,1060,是
H750×350,762,358,22,30,18,372.0,292,2.88,355000,23000,30.9,7.86,9310,1290,
H750×400,750,402,18,25,18,329.8,259,3.04,319000,27100,31.1,9.07,8510,1350,是
H750×400,760,402,18,30,18,370.0,290,3.06,376000,32500,31.9,9.38,9900,1620,
H750×400,770,406,22,35,18,441.0,346,3.09,450000,39100,32.0,9.42,11700,1930,
H750×450,799,446,26,40,18,546.5,429,3.30,598000,59300,33.1,10.4,15000,2660,是
H750×450,831,454,34,56,18,755.7,593,3.38,874000,87600,34.0,10.8,21000,3860,
H800×300,792,300,14,22,18,239.5,188,2.73,248000,9920,32.2,6.43,6270,661,
H800×300,800,300,14,26,18,263.5,207,2.74,286000,11700,33.0,6.66,7160,781,是
H800×300,820,306,20,36,18,372.7,293,2.79,412000,17200,33.3,6.80,10100,1130,
H800×350,796,349,14,22,18,261.6,205,2.93,284000,15600,32.9,7.72,7120,894,
H800×350,800,350,15,24,18,283.6,223,2.94,310000,17200,33.1,7.78,7750,981,是
H800×350,808,355,20,28,18,352.0,276,2.97,377000,20900,32.7,7.71,9340,1180,
H800×400,804,400,16,28,18,346.5,272,3.15,397000,29900,33.8,9.29,9870,1490,是
H800×400,814,404,20,33,18,419.0,329,3.17,480000,36300,33.9,9.31,11800,1800,
H800×400,824,409,25,38,18,500.6,393,3.20,571000,43400,33.8,9.31,13900,2120,
H850×300,834,298,14,19,18,227.5,179,2.80,251000,8400,33.2,6.07,6020,564,
H850×300,842,299,15,23,18,259.7,204,2.82,298000,10300,33.9,6.28,7080,687,
H850×300,850,300,16,27,18,292.1,229,2.84,346000,12200,34.4,6.45,8140,812,是
H850×300,858,301,17,31,18,324.7,255,2.86,395000,14100,34.9,6.59,9210,939,
H850×350,847,322,14,25,18,275.4,216,2.92,335000,13900,34.9,7.11,7920,865,是
H850×350,893,338,30,48,18,566.4,445,3.05,711000,31100,35.4,7.41,15900,1840,
H850×350,925,346,38,64,18,748.5,588,3.13,987000,44600,36.3,7.72,21300,2580,
H850×400,847,404,22,25,18,380.1,298,3.24,438000,27600,34.0,8.51,10400,1360,是
H850×400,857,407,25,30,18,446.2,350,3.26,528000,33800,34.4,8.71,12300,1660,
H850×400,867,412,30,35,18,530.3,416,3.29,630000,41000,34.5,8.79,14500,1990,
H850×450,869,441,21,36,18,487.7,383,3.43,644000,51500,36.3,10.3,14800,2340,是
H850×450,893,450,30,48,18,673.9,529,3.50,903000,73100,36.6,10.4,20200,3250,
H850×450,935,459,39,69,18,947.0,743,3.60,1360000,112000,37.9,10.9,29100,4860,
H900×300,890,299,15,23,18,266.9,210,2.92,339000,10300,35.6,6.20,7610,687,
H900×300,900,300,16,28,18,305.8,240,2.94,404000,12600,36.4,6.42,8990,842,是
H900×300,912,302,18,34,18,360.1,283,2.97,491000,15700,36.9,6.59,10800,1040,
H900×350,890,349,15,23,18,289.9,228,3.12,382000,16300,36.3,7.50,8580,935,
H900×350,900,350,16,28,18,333.8,262,3.14,458000,20000,37.0,7.75,10200,1150,是
H900×350,936,359,25,46,18,544.1,427,3.23,785000,35600,38.0,8.09,16800,1980,
H900×400,868,395,14,19,22,270.5,212,3.25,344000,19500,35.7,8.50,7930,989,
H900×400,900,400,19,35,22,441.9,347,3.32,622000,37400,37.5,9.20,13800,1870,是
H900×400,922,410,25,46,22,588.9,462,3.40,850000,53000,38.0,9.48,18400,2580,
H900×460,872,460,15,21,22,321.9,253,3.52,428000,34100,36.5,10.3,9820,1480,
H900×460,900,465,20,35,22,495.7,389,3.58,711000,58700,37.9,10.9,15800,2530,是
H900×460,922,470,25,46,22,644.1,506,3.64,956000,79700,38.5,11.1,20700,3390,
H1000×300,970,297,16,21,18,276.0,217,3.07,393000,9210,37.8,5.77,8110,620,
H1000×300,980,298,17,26,18,315.5,248,3.09,472000,11500,38.7,6.04,9630,772,
H1000×300,990,298,17,31,18,345.3,271,3.11,544000,13700,39.7,6.30,11000,921,
H1000×300,1000,300,19,36,18,395.1,310,3.13,634000,16300,40.1,6.41,12700,1080,是
H1000×300,1008,302,21,40,18,439.3,345,3.15,712000,18400,40.3,6.47,14100,1220,
H1000×300,1028,309,28,50,18,571.6,449,3.21,932000,24800,40.4,6.58,18100,1600,
H1000×380,980,375,14,26,18,327.7,257,3.40,543000,22900,40.7,8.36,11100,1220,
H1000×380,1000,380,19,36,18,452.7,355,3.45,768000,33000,41.2,8.54,15400,1740,是
H1000×380,1020,386,25,46,18,589.9,463,3.50,1020000,44200,41.5,8.66,19900,2290,
H1000×460,984,460,16,28,18,408.9,321,3.75,701000,45500,41.4,10.5,14300,1980,
H1000×460,1000,463,19,36,18,512.5,402,3.78,907000,59600,42.1,10.8,18100,2570,是
H1000×460,1040,475,31,56,18,822.5,646,3.89,1500000,100000,42.7,11.0,28900,4220,
H1050×380,1030,375,14,26,22,336.1,264,3.49,610000,22900,42.6,8.25,11900,1220,
H1050×380,1050,380,19,36,22,463.6,364,3.54,861000,33000,43.1,8.44,16400,1740,是
H1050×380,1070,386,25,46,22,603.8,474,3.60,1140000,44200,43.4,8.56,21200,2290,
H1050×460,1034,460,16,28,22,418.2,328,3.84,786000,45500,43.4,10.4,15200,1980,
H1050×460,1050,463,19,36,22,523.3,411,3.88,1020000,59600,44.0,10.7,19300,2580,是
H1050×460,1090,475,31,56,22,839.3,659,3.98,1670000,100000,44.7,10.9,30700,4220,
H1100×380,1084,377,16,28,22,379.8,298,3.61,744000,25000,44.3,8.12,13700,1330,
H1100×380,1100,380,19,36,22,473.1,371,3.64,957000,33000,45.0,8.35,17400,1740,是
H1100×380,1120,386,25,46,22,616.3,484,3.70,1260000,44200,45.2,8.47,22500,2290,
H1100×460,1084,460,16,28,22,426.2,335,3.94,874000,45500,45.3,10.3,16100,1980,
H1100×460,1100,463,19,36,22,532.8,418,3.98,1130000,59600,46.0,10.6,20500,2580,是
H1100×460,1140,475,31,56,22,854.8,671,4.08,1860000,100000,46.6,10.8,32600,4220,
H1200×400,1186,399,19,29,22,449.9,353,3.89,1010000,30800,47.5,8.27,17100,1540,
H1200×400,1200,400,20,36,22,517.8,406,3.92,1230000,38500,48.7,8.62,20500,1920,是
H1200×400,1208,402,22,40,22,573.9,451,3.94,1370000,43400,48.9,8.70,22700,2160,
H1200×400,1218,406,26,45,22,662.8,520,3.97,1580000,50400,48.8,8.72,26000,2480,
H1200×400,1228,408,28,50,22,728.0,571,3.99,1760000,56800,49.2,8.83,28700,2790,
H1200×400,1238,411,31,55,22,805.9,633,4.02,1970000,63900,49.4,8.91,31800,3110,
H1200×400,1248,416,36,60,22,909.4,714,4.05,2210000,72500,49.3,8.93,35400,3480,
H1200×450,1200,450,20,36,22,553.8,435,4.12,1350000,54800,49.4,9.94,22500,2430,是
H1200×450,1208,452,22,40,22,613.9,482,4.14,1510000,61700,49.6,10.0,25000,2730,
H1200×450,1218,456,26,45,22,707.8,556,4.17,1740000,71300,49.5,10.0,28500,3130,
H1200×450,1228,458,28,50,22,778.0,611,4.19,1940000,80300,49.9,10.2,31600,3510,
H1200×450,1238,461,31,55,22,860.9,676,4.22,2160000,90100,50.1,10.2,34900,3910,
H1200×450,1248,464,34,60,22,944.5,741,4.25,2390000,100000,50.3,10.3,38200,4320,
H1200×500,1180,500,19,26,30,482.0,378,4.27,1120000,54300,48.1,10.6,18900,2170,
H1200×500,1184,500,19,28,30,502.0,394,4.28,1190000,58400,48.6,10.8,20000,2340,
H1200×500,1192,500,19,32,30,542.0,426,4.29,1330000,66800,49.5,11.1,22300,2670,
H1200×500,1200,500,19,36,30,582.0,457,4.31,1470000,75100,50.3,11.4,24500,3000,是
H1200×500,1208,503,22,40,30,658.3,517,4.33,1660000,85000,50.2,11.4,27500,3380,
H1200×500,1218,507,26,45,30,757.3,594,4.36,1910000,97900,50.2,11.4,31300,3860,
H1200×500,1228,509,28,50,30,832.6,654,4.38,2130000,110000,50.5,11.5,34600,4330,
H1250×500,1230,500,20,26,30,503.3,395,4.37,1240000,54300,49.7,10.4,20200,2170,
H1250×500,1234,500,20,28,30,523.3,411,4.38,1320000,58400,50.2,10.6,21300,2340,
H1250×500,1238,500,20,30,30,543.3,426,4.38,1390000,62600,50.6,10.7,22500,2500,
H1250×500,1242,500,20,32,30,563.3,442,4.39,1470000,66800,51.1,10.9,23700,2670,
H1250×500,1250,500,20,36,30,603.3,474,4.41,1630000,75100,51.9,11.2,26000,3000,是
H1250×500,1258,505,25,40,30,706.2,554,4.43,1870000,86000,51.4,11.0,29700,3410,
H1250×500,1268,508,28,45,30,794.8,624,4.46,2120000,98600,51.6,11.1,33400,3880,
H1250×500,1278,510,30,50,30,871.1,684,4.48,2360000,111000,52.0,11.3,36900,4350,
H1300×400,1270,396,21,32,22,510.9,401,4.04,1290000,33200,50.3,8.06,20400,1680,
H1300×400,1280,397,22,37,22,563.3,442,4.07,1470000,38700,51.1,8.29,23000,1950,
H1300×400,1290,399,24,42,22,628.8,494,4.09,1670000,44600,51.6,8.42,25900,2240,
H1300×400,1300,400,25,47,22,681.7,535,4.11,1860000,50300,52.2,8.59,28600,2520,
H1300×400,1310,402,27,52,22,747.9,587,4.14,2060000,56500,52.5,8.69,31500,2810,
H1300×450,1268,446,18,24,25,439.0,345,4.24,1120000,35600,50.5,9.00,17700,1590,
H1300×450,1280,446,18,30,25,492.6,387,4.27,1340000,44400,52.1,9.50,20900,1990,
H1300×450,1292,448,20,36,25,571.9,449,4.29,1590000,54000,52.8,9.72,24700,2410,
H1300×450,1300,450,22,40,25,633.8,498,4.31,1780000,60900,53.0,9.80,27400,2710,是
H1300×450,1310,452,24,45,25,705.0,553,4.34,2010000,69400,53.4,9.92,30700,3070,
H1300×450,1310,454,26,45,25,731.2,574,4.34,2050000,70400,52.9,9.81,31300,3100,
H1300×450,1320,454,26,50,25,776.6,610,4.36,2240000,78200,53.8,10.0,34000,3440,
H1300×450,1320,458,30,50,25,829.4,651,4.37,2320000,80400,52.9,9.84,35200,3510,
H1300×500,1280,500,21,26,30,525.6,413,4.47,1370000,54300,51.1,10.2,21500,2170,
H1300×500,1284,500,21,28,30,545.6,428,4.47,1460000,58500,51.7,10.4,22700,2340,
H1300×500,1292,500,21,32,30,585.6,460,4.49,1620000,66800,52.6,10.7,25100,2670,
H1300×500,1300,500,21,36,30,625.6,491,4.51,1790000,75100,53.5,11.0,27600,3000,是
H1300×500,1308,500,21,40,30,665.6,522,4.52,1960000,83500,54.3,11.2,30000,3340,
H1300×500,1318,502,24,45,30,754.2,592,4.54,2230000,95100,54.4,11.2,33800,3790,
H1300×500,1328,504,26,50,30,831.0,652,4.57,2490000,107000,54.7,11.3,37500,4240,
H1350×500,1330,500,22,26,30,548.9,431,4.56,1520000,54300,52.6,9.95,22800,2170,
H1350×500,1334,500,22,28,30,568.9,447,4.57,1610000,58500,53.2,10.1,24100,2340,
H1350×500,1342,500,22,32,30,608.9,478,4.59,1790000,66800,54.2,10.5,26600,2670,
H1350×500,1350,500,22,36,30,648.9,509,4.60,1970000,75100,55.1,10.8,29200,3010,是
H1350×500,1358,500,22,40,30,688.9,541,4.62,2150000,83500,55.9,11.0,31700,3340,
H1350×500,1368,504,26,45,30,793.6,623,4.65,2470000,96200,55.8,11.0,36100,3820,
H1350×500,1378,508,30,50,30,899.1,706,4.68,2790000,110000,55.7,11.0,40500,4310,
H1400×450,1368,446,19,24,25,470.2,369,4.44,1350000,35600,53.7,8.70,19800,1600,
H1400×450,1384,446,19,32,25,541.6,425,4.47,1690000,47400,55.9,9.36,24400,2130,
H1400×450,1392,449,22,36,25,619.0,486,4.49,1930000,54400,55.9,9.38,27700,2430,
H1400×450,1400,450,23,40,25,669.0,525,4.51,2130000,60900,56.4,9.54,30400,2710,是
H1400×450,1410,452,25,45,25,742.2,583,4.54,2400000,69400,56.8,9.67,34000,3070,
H1400×450,1420,454,27,50,25,815.8,640,4.56,2670000,78200,57.2,9.79,37600,3450,
H1400×500,1384,500,23,28,30,593.2,466,4.67,1770000,58500,54.6,9.93,25600,2340,
H1400×500,1392,500,23,32,30,633.2,497,4.69,1960000,66800,55.7,10.3,28200,2670,
H1400×500,1400,500,23,36,30,673.2,528,4.70,2160000,75200,56.6,10.6,30800,3010,是
H1400×500,1408,500,23,40,30,713.2,560,4.72,2350000,83500,57.5,10.8,33400,3340,
H1400×500,1416,500,23,44,30,753.2,591,4.73,2550000,91800,58.2,11.0,36100,3670,
H1400×500,1428,504,27,50,30,870.3,683,4.77,2950000,107000,58.3,11.1,41400,4240,
H1400×500,1440,506,29,56,30,959.6,753,4.79,3310000,121000,58.8,11.2,46000,4790,
H1450×500,1434,500,24,28,30,618.4,485,4.77,1940000,58500,56.1,9.73,27100,2340,
H1450×500,1442,500,24,32,30,658.4,517,4.78,2150000,66900,57.1,10.1,29800,2670,
H1450×500,1450,500,24,36,30,698.4,548,4.80,2360000,75200,58.1,10.4,32500,3010,是
H1450×500,1458,500,24,40,30,738.4,580,4.82,2570000,83500,59.0,10.6,35300,3340,
H1450×500,1466,500,24,44,30,778.4,611,4.83,2780000,91900,59.8,10.9,38000,3670,
H1450×500,1478,504,28,50,30,897.6,705,4.86,3220000,107000,59.9,10.9,43500,4250,
H1500×500,1484,500,24,28,30,630.4,495,4.87,2110000,58500,57.8,9.64,28400,2340,
H1500×500,1492,500,24,32,30,670.4,526,4.88,2330000,66900,58.9,9.99,31200,2670,
H1500×500,1500,500,24,36,30,710.4,558,4.90,2550000,75200,59.9,10.3,34000,3010,是
H1500×500,1508,500,24,40,30,750.4,589,4.92,2780000,83500,60.8,10.6,36800,3340,
H1500×500,1516,500,24,44,30,790.4,620,4.93,3010000,91900,61.7,10.8,39600,3670,
H1500×500,1520,500,24,46,30,810.4,636,4.94,3120000,96000,62.1,10.9,41100,3840,
H1500×500,1528,504,28,50,30,911.6,716,4.96,3470000,107000,61.7,10.8,45400,4250,
H1500×500,1538,506,30,55,30,992.7,779,4.99,3830000,119000,62.1,11.0,49800,4710,
H1500×500,1548,508,32,60,30,1074,843,5.01,4190000,132000,62.5,11.1,54200,5180,
H1550×500,1534,500,25,28,30,657.2,516,4.97,2300000,58600,59.2,9.44,30000,2340,
H1550×500,1542,500,25,32,30,697.2,547,4.98,2540000,66900,60.3,9.79,32900,2680,
H1550×500,1550,500,25,36,30,737.2,579,5.00,2780000,75200,61.4,10.1,35800,3010,是
H1550×500,1558,500,25,40,30,777.2,610,5.01,3020000,83600,62.3,10.4,38800,3340,
H1550×500,1566,500,25,44,30,817.2,642,5.03,3260000,91900,63.2,10.6,41700,3680,
H1550×500,1570,500,25,46,30,837.2,657,5.04,3390000,96100,63.6,10.7,43100,3840,
H1550×500,1578,503,28,50,30,924.6,726,5.06,3730000,106000,63.5,10.7,47300,4230,
H1600×500,1592,500,26,32,30,725.0,569,5.08,2760000,66900,61.7,9.61,34700,2680,
H1600×500,1600,500,26,36,30,765.0,601,5.10,3020000,75300,62.8,9.92,37700,3010,是
H1600×500,1608,500,26,40,30,805.0,632,5.11,3280000,83600,63.8,10.2,40800,3340,
H1600×500,1616,500,26,44,30,845.0,663,5.13,3540000,91900,64.7,10.4,43800,3680,
H1600×500,1620,500,26,46,30,865.0,679,5.14,3670000,96100,65.1,10.5,45300,3840,
H1600×500,1628,501,27,50,30,921.3,723,5.15,3970000,105000,65.6,10.7,48700,4190,
H1600×500,1634,504,30,53,30,1000,785,5.17,4280000,113000,65.4,10.7,52300,4500,
H1600×500,1644,506,32,58,30,1084,851,5.20,4690000,126000,65.8,10.8,57000,4970,
H1600×500,1654,508,34,63,30,1167,916,5.22,5110000,138000,66.1,10.9,61800,5440,
H1650×500,1642,500,27,32,30,753.8,592,5.18,3010000,67000,63.1,9.43,36600,2680,
H1650×500,1650,500,27,36,30,793.8,623,5.19,3280000,75300,64.2,9.74,39700,3010,是
H1650×500,1658,500,27,40,30,833.8,655,5.21,3550000,83600,65.2,10.0,42800,3350,
H1650×500,1666,500,27,44,30,873.8,686,5.23,3830000,92000,66.2,10.3,45900,3680,
H1650×500,1670,500,27,46,30,893.8,702,5.23,3970000,96100,66.6,10.4,47500,3850,
H1650×500,1678,503,30,50,30,984.1,773,5.26,4360000,106000,66.6,10.4,52000,4230,
H1650×550,1642,550,27,32,30,785.8,617,5.38,3210000,89000,63.9,10.6,39100,3240,
H1650×550,1650,550,27,36,30,829.8,651,5.39,3510000,100000,65.0,11.0,42600,3640,是
H1650×550,1658,550,27,40,30,873.8,686,5.41,3810000,111000,66.0,11.3,46000,4040,
H1650×550,1666,550,27,44,30,917.8,720,5.43,4120000,122000,67.0,11.5,49400,4450,
H1650×550,1670,550,27,46,30,939.8,738,5.43,4270000,128000,67.4,11.7,51100,4650,
H1650×550,1678,553,30,50,30,1034,812,5.46,4690000,141000,67.4,11.7,56000,5110,
H1700×500,1692,500,28,32,30,783.6,615,5.28,3260000,67000,64.5,9.25,38600,2680,
H1700×500,1700,500,28,36,30,823.6,647,5.29,3550000,75300,65.7,9.56,41800,3010,是
H1700×500,1708,500,28,40,30,863.6,678,5.31,3840000,83700,66.7,9.84,45000,3350,
H1700×500,1716,500,28,44,30,903.6,709,5.32,4130000,92000,67.6,10.1,48200,3680,
H1700×500,1720,500,28,46,30,923.6,725,5.33,4280000,96200,68.1,10.2,49800,3850,
H1700×500,1728,502,30,50,30,998.1,784,5.35,4660000,106000,68.4,10.3,54000,4220,
H1700×550,1692,550,28,32,30,815.6,640,5.48,3480000,89100,65.3,10.5,41200,3240,
H1700×550,1700,550,28,36,30,859.6,675,5.49,3800000,100000,66.5,10.8,44700,3640,是
H1700×550,1708,550,28,40,30,903.6,709,5.51,4120000,111000,67.5,11.1,48200,4050,
H1700×550,1716,550,28,44,30,947.6,744,5.52,4440000,122000,68.5,11.4,51800,4450,
H1700×550,1720,550,28,46,30,969.6,761,5.53,4600000,128000,68.9,11.5,53500,4650,
H1700×550,1728,552,30,50,30,1048,823,5.55,5020000,141000,69.2,11.6,58100,5090,
