型号,b_mm,d_mm,r_mm,截面面积_cm2,理论重量_kg/m,外表面积_m2/m,Ix_cm4,Ix1_cm4,Ix0_cm4,Iy0_cm4,ix_cm,ix0_cm,iy0_cm,Wx_cm3,Wx0_cm3,Wy0_cm3,Z0_cm
L20x3,20,3,3.5,1.132,0.89,0.078,0.40,0.81,0.63,0.17,0.59,0.75,0.39,0.29,0.45,0.20,0.60
L20x4,20,4,3.5,1.459,1.15,0.077,0.50,1.09,0.78,0.22,0.58,0.73,0.38,0.36,0.55,0.24,0.64
L25x3,25,3,3.5,1.432,1.12,0.098,0.82,1.57,1.29,0.34,0.76,0.95,0.49,0.46,0.73,0.33,0.73
L25x4,25,4,3.5,1.859,1.46,0.097,1.03,2.11,1.62,0.43,0.74,0.93,0.48,0.59,0.92,0.40,0.76
L30x3,30,3,4.5,1.749,1.37,0.117,1.46,2.71,2.31,0.61,0.91,1.15,0.59,0.68,1.09,0.51,0.85
L30x4,30,4,4.5,2.276,1.79,0.117,1.84,3.63,2.92,0.77,0.90,1.13,0.58,0.87,1.37,0.62,0.89
L36x3,36,3,4.5,2.109,1.66,0.141,2.58,4.68,4.09,1.07,1.11,1.39,0.71,0.99,1.61,0.76,1.00
L36x4,36,4,4.5,2.756,2.16,0.141,3.29,6.25,5.22,1.37,1.09,1.38,0.70,1.28,2.05,0.93,1.04
L36x5,36,5,4.5,3.382,2.65,0.141,3.95,7.84,6.24,1.65,1.08,1.36,0.7,1.56,2.45,1.00,1.07
L40x3,40,3,5,2.359,1.85,0.157,3.59,6.41,5.69,1.49,1.23,1.55,0.79,1.23,2.01,0.96,1.09
L40x4,40,4,5,3.086,2.42,0.157,4.60,8.56,7.29,1.91,1.22,1.54,0.79,1.60,2.58,1.19,1.13
L40x5,40,5,5,3.792,2.98,0.156,5.53,10.7,8.76,2.30,1.21,1.52,0.78,1.96,3.10,1.39,1.17
L45x3,45,3,5,2.659,2.09,0.177,5.17,9.12,8.20,2.14,1.40,1.76,0.89,1.58,2.58,1.24,1.22
L45x4,45,4,5,3.486,2.74,0.177,6.65,12.2,10.6,2.75,1.38,1.74,0.89,2.05,3.32,1.54,1.26
L45x5,45,5,5,4.292,3.37,0.176,8.04,15.2,12.7,3.33,1.37,1.72,0.88,2.51,4.00,1.81,1.30
L45x6,45,6,5,5.077,3.99,0.176,9.33,18.4,14.8,3.89,1.36,1.70,0.80,2.95,4.64,2.06,1.33
L50x3,50,3,5.5,2.971,2.33,0.197,7.18,12.5,11.4,2.98,1.55,1.96,1.00,1.96,3.22,1.57,1.34
L50x4,50,4,5.5,3.897,3.06,0.197,9.26,16.7,14.7,3.82,1.54,1.94,0.99,2.56,4.16,1.96,1.38
L50x5,50,5,5.5,4.803,3.77,0.196,11.2,20.9,17.8,4.64,1.53,1.92,0.98,3.13,5.03,2.31,1.42
L50x6,50,6,5.5,5.688,4.46,0.196,13.1,25.1,20.7,5.42,1.52,1.91,0.98,3.68,5.85,2.63,1.46
L56x3,56,3,6,3.343,2.62,0.221,10.2,17.6,16.1,4.24,1.75,2.20,1.13,2.48,4.08,2.02,1.48
L56x4,56,4,6,4.39,3.45,0.220,13.2,23.4,20.9,5.46,1.73,2.18,1.11,3.24,5.28,2.52,1.53
L56x5,56,5,6,5.415,4.25,0.220,16.0,29.3,25.4,6.61,1.72,2.17,1.10,3.97,6.42,2.98,1.57
L56x6,56,6,6,6.42,5.04,0.220,18.7,35.3,29.7,7.73,1.71,2.15,1.10,4.68,7.49,3.40,1.61
L56x7,56,7,6,7.404,5.81,0.219,21.2,41.2,33.6,8.82,1.69,2.13,1.09,5.36,8.49,3.80,1.64
L56x8,56,8,6,8.367,6.57,0.219,23.6,47.2,37.4,9.89,1.68,2.11,1.09,6.03,9.44,4.16,1.68
L60x5,60,5,6.5,5.829,4.58,0.236,19.9,36.1,31.6,8.21,1.85,2.33,1.19,4.59,7.44,3.48,1.67
L60x6,60,6,6.5,6.914,5.43,0.235,23.4,43.3,36.9,9.60,1.83,2.31,1.18,5.41,8.70,3.98,1.70
L60x7,60,7,6.5,7.977,6.26,0.235,26.4,50.7,41.9,11.0,1.82,2.29,1.17,6.21,9.88,4.45,1.74
L60x8,60,8,6.5,9.02,7.08,0.235,29.5,58.0,46.7,12.3,1.81,2.27,1.17,6.98,11.0,4.88,1.78
L63x4,63,4,7,4.978,3.91,0.248,19.0,33.4,30.2,7.89,1.96,2.46,1.26,4.13,6.78,3.29,1.70
L63x5,63,5,7,6.143,4.82,0.248,23.2,41.7,36.8,9.57,1.94,2.45,1.25,5.08,8.25,3.90,1.74
L63x6,63,6,7,7.288,5.72,0.247,27.1,50.1,43.0,11.2,1.93,2.43,1.24,6.00,9.66,4.46,1.78
L63x7,63,7,7,8.412,6.60,0.247,30.9,58.6,49.0,12.8,1.92,2.41,1.23,6.88,11.0,4.98,1.82
L63x8,63,8,7,9.515,7.47,0.247,34.5,67.1,54.6,14.3,1.90,2.40,1.23,7.75,12.3,5.47,1.85
L63x10,63,10,7,11.66,9.15,0.246,41.1,84.3,64.9,17.3,1.88,2.36,1.22,9.39,14.6,6.36,1.93
L70x4,70,4,8,5.570,4.37,0.275,26.4,45.7,41.8,11.0,2.18,2.74,1.40,5.14,8.44,4.17,1.86
L70x5,70,5,8,6.876,5.40,0.275,32.2,57.2,51.1,13.3,2.16,2.73,1.39,6.32,10.3,4.95,1.91
L70x6,70,6,8,8.160,6.41,0.275,37.8,68.7,59.9,15.6,2.15,2.71,1.38,7.48,12.1,5.67,1.95
L70x7,70,7,8,9.424,7.40,0.275,43.1,80.3,68.4,17.8,2.14,2.69,1.38,8.59,13.8,6.34,1.99
L70x8,70,8,8,10.67,8.37,0.274,48.2,91.9,76.4,20.0,2.12,2.68,1.37,9.68,15.4,6.98,2.03
L75x5,75,5,9,7.412,5.82,0.295,40.0,70.6,63.3,16.6,2.33,2.92,1.50,7.32,11.9,5.77,2.04
L75x6,75,6,9,8.797,6.91,0.294,47.0,84.6,74.4,19.5,2.31,2.90,1.49,8.64,14.0,6.67,2.07
L75x7,75,7,9,10.16,7.98,0.294,53.6,98.7,85.0,22.2,2.30,2.89,1.48,9.93,16.0,7.44,2.11
L75x8,75,8,9,11.50,9.03,0.294,60.0,113,95.1,24.9,2.28,2.88,1.47,11.2,17.9,8.19,2.15
L75x9,75,9,9,12.83,10.1,0.294,66.1,127,105,27.5,2.27,2.86,1.46,12.4,19.8,8.89,2.18
L75x10,75,10,9,14.13,11.1,0.293,72.0,142,114,30.1,2.26,2.84,1.46,13.6,21.5,9.56,2.22
L80x5,80,5,9,7.912,6.21,0.315,48.8,85.4,77.3,20.3,2.48,3.13,1.60,8.34,13.7,6.66,2.15
L80x6,80,6,9,9.397,7.38,0.314,57.4,103,91.0,23.7,2.47,3.11,1.59,9.87,16.1,7.65,2.19
L80x7,80,7,9,10.86,8.53,0.314,65.6,120,104,27.1,2.46,3.10,1.58,11.4,18.4,8.58,2.23
L80x8,80,8,9,12.30,9.66,0.314,73.5,137,117,30.4,2.44,3.08,1.57,12.8,20.6,9.46,2.27
L80x9,80,9,9,13.73,10.8,0.314,81.1,154,129,33.6,2.43,3.06,1.56,14.3,22.7,10.3,2.31
L80x10,80,10,9,15.13,11.9,0.313,88.4,172,140,36.8,2.42,3.04,1.56,15.6,24.8,11.1,2.35
L90x6,90,6,10,10.64,8.35,0.354,82.8,146,131,34.3,2.79,3.51,1.80,12.6,20.6,9.95,2.44
L90x7,90,7,10,12.30,9.66,0.354,94.8,170,150,39.2,2.78,3.50,1.78,14.5,23.6,11.2,2.48
L90x8,90,8,10,13.94,10.9,0.353,106,195,169,44.0,2.76,3.48,1.78,16.4,26.6,12.4,2.52
L90x9,90,9,10,15.57,12.2,0.353,118,219,187,48.7,2.75,3.46,1.77,18.3,29.4,13.5,2.56
L90x10,90,10,10,17.17,13.5,0.353,129,244,204,53.3,2.74,3.45,1.76,20.1,32.0,14.5,2.59
L90x12,90,12,10,20.31,15.9,0.352,149,294,236,62.2,2.71,3.41,1.75,23.6,37.1,16.5,2.67
L100x6,100,6,12,11.93,9.37,0.393,115,200,182,47.9,3.10,3.90,2.00,15.7,25.7,12.7,2.67
L100x7,100,7,12,13.80,10.8,0.393,132,234,209,54.7,3.09,3.89,1.99,18.1,29.6,14.3,2.71
L100x8,100,8,12,15.64,12.3,0.393,148,267,235,61.4,3.08,3.88,1.98,20.5,33.2,15.8,2.76
L100x9,100,9,12,17.46,13.7,0.392,164,300,260,68.0,3.07,3.86,1.97,22.8,36.8,17.2,2.80
L100x10,100,10,12,19.26,15.1,0.392,180,334,285,74.4,3.05,3.84,1.96,25.1,40.3,18.5,2.84
L100x12,100,12,12,22.80,17.9,0.391,209,402,331,86.8,3.03,3.81,1.95,29.5,46.8,21.1,2.91
L100x14,100,14,12,26.26,20.6,0.391,237,471,374,99.0,3.00,3.77,1.94,33.7,52.9,23.4,2.99
L100x16,100,16,12,29.63,23.3,0.390,263,540,414,111,2.98,3.74,1.94,37.8,58.6,25.6,3.06
L110x7,110,7,12,15.20,11.9,0.433,177,311,281,73.4,3.41,4.30,2.20,22.1,36.1,17.5,2.96
L110x8,110,8,12,17.24,13.5,0.433,199,355,316,82.4,3.40,4.28,2.19,25.0,40.7,19.4,3.01
L110x10,110,10,12,21.26,16.7,0.432,242,445,384,100,3.38,4.25,2.17,30.6,49.4,22.9,3.09
L110x12,110,12,12,25.20,19.8,0.431,283,535,448,117,3.35,4.22,2.15,36.1,57.6,26.2,3.16
L110x14,110,14,12,29.06,22.8,0.431,321,625,508,133,3.32,4.18,2.14,41.3,65.3,29.1,3.24
L125x8,125,8,14,19.75,15.5,0.492,297,521,471,123,3.88,4.88,2.50,32.5,53.3,25.9,3.37
L125x10,125,10,14,24.37,19.1,0.491,362,652,574,149,3.85,4.85,2.48,40.0,64.9,30.6,3.45
L125x12,125,12,14,28.91,22.7,0.491,423,783,671,175,3.83,4.82,2.46,41.2,76.0,35.0,3.53
L125x14,125,14,14,33.37,26.2,0.490,482,916,764,200,3.80,4.78,2.45,54.2,86.4,39.1,3.61
L125x16,125,16,14,37.74,29.6,0.489,537,1050,851,224,3.77,4.75,2.43,60.9,96.3,43.0,3.68
L140x10,140,10,14,27.37,21.5,0.551,515,915,817,212,4.34,5.46,2.78,50.6,82.6,39.2,3.82
L140x12,140,12,14,32.51,25.5,0.551,604,1100,959,249,4.31,5.43,2.76,59.8,96.9,45.0,3.90
L140x14,140,14,14,37.57,29.5,0.550,689,1280,1090,284,4.28,5.40,2.75,68.8,110,50.5,3.98
L140x16,140,16,14,42.54,33.4,0.549,770,1470,1220,319,4.26,5.36,2.74,77.5,123,55.6,4.06
L150x8,150,8,14,23.75,18.6,0.592,521,900,827,215,4.69,5.90,3.01,47.4,78.0,38.1,3.99
L150x10,150,10,14,29.37,23.1,0.591,638,1130,1010,262,4.66,5.87,2.99,58.4,95.5,45.5,4.08
L150x12,150,12,14,34.91,27.4,0.591,749,1350,1190,308,4.63,5.84,2.97,69.0,112,52.4,4.15
L150x14,150,14,14,40.37,31.7,0.590,856,1580,1360,352,4.60,5.80,2.95,79.5,128,58.8,4.23
L150x15,150,15,14,43.06,33.8,0.590,907,1690,1440,374,4.59,5.78,2.95,84.6,136,61.9,4.27
L150x16,150,16,14,45.74,35.9,0.589,958,1810,1520,395,4.58,5.77,2.94,89.6,143,64.9,4.31
L160x10,160,10,16,31.50,24.7,0.630,780,1370,1240,322,4.98,6.27,3.20,66.7,109,52.8,4.31
L160x12,160,12,16,37.44,29.4,0.630,917,1640,1460,377,4.95,6.24,3.18,79.0,129,60.7,4.39
L160x14,160,14,16,43.30,34.0,0.629,1050,1910,1670,432,4.92,6.20,3.16,91.0,147,68.2,4.47
L160x16,160,16,16,49.07,38.5,0.629,1180,2190,1870,485,4.89,6.17,3.14,103,165,75.3,4.55
L180x12,180,12,16,42.24,33.2,0.710,1320,2330,2100,543,5.59,7.05,3.58,101,165,78.4,4.89
L180x14,180,14,16,48.90,38.4,0.709,1510,2720,2410,622,5.56,7.02,3.56,116,189,88.4,4.97
L180x16,180,16,16,55.47,43.5,0.709,1700,3120,2700,699,5.54,6.98,3.55,131,212,97.8,5.05
L180x18,180,18,16,61.96,48.6,0.708,1880,3500,2990,762,5.50,6.94,3.51,146,235,105,5.13
L200x14,200,14,18,54.64,42.9,0.788,2100,3730,3340,864,6.20,7.82,3.98,145,236,112,5.46
L200x16,200,16,18,62.01,48.7,0.788,2370,4270,3760,971,6.18,7.79,3.96,164,266,124,5.54
L200x18,200,18,18,69.30,54.4,0.787,2620,4810,4160,1080,6.15,7.75,3.94,182,294,136,5.62
L200x20,200,20,18,76.51,60.1,0.787,2870,5350,4550,1180,6.12,7.72,3.93,200,322,147,5.69
L200x24,200,24,18,90.66,71.2,0.785,3340,6460,5290,1380,6.07,7.64,3.90,236,374,167,5.87
L220x16,220,16,21,68.67,53.9,0.866,3190,5680,5060,1310,6.81,8.59,4.37,200,326,154,6.03
L220x18,220,18,21,76.75,60.3,0.866,3540,6400,5620,1450,6.79,8.55,4.35,223,361,168,6.11
L220x20,220,20,21,84.76,66.5,0.865,3870,7110,6150,1590,6.76,8.52,4.34,245,395,182,6.18
L220x22,220,22,21,92.68,72.8,0.865,4200,7830,6670,1730,6.73,8.48,4.32,267,429,195,6.26
L220x24,220,24,21,100.5,78.9,0.864,4520,8550,7170,1870,6.71,8.45,4.31,289,461,208,6.33
L220x26,220,26,21,108.3,85.0,0.864,4830,9280,7690,2000,6.68,8.41,4.30,310,492,221,6.41
L250x18,250,18,24,87.84,69.0,0.985,5270,9380,8370,2170,7.75,9.76,4.97,290,473,224,6.84
L250x20,250,20,24,97.05,76.2,0.984,5780,10400,9180,2380,7.72,9.73,4.95,320,519,243,6.92
L250x22,250,22,24,106.2,83.3,0.983,6280,11500,9970,2580,7.69,9.69,4.93,349,564,261,7.00
L250x24,250,24,24,115.2,90.4,0.983,6770,12500,10700,2790,7.67,9.66,4.92,378,608,278,7.07
L250x26,250,26,24,124.2,97.5,0.982,7240,13600,11500,2980,7.64,9.62,4.90,406,650,295,7.15
L250x28,250,28,24,133.0,104,0.982,7700,14600,12200,3180,7.61,9.58,4.89,433,691,311,7.22
L250x30,250,30,24,141.8,111,0.981,8160,15700,12900,3380,7.58,9.55,4.88,461,731,327,7.30
L250x32,250,32,24,150.5,118,0.981,8600,16800,13600,3570,7.56,9.51,4.87,488,770,342,7.37
L250x35,250,35,24,163.4,128,0.980,9240,18400,14600,3850,7.52,9.46,4.86,527,827,364,7.48
